"Dataset Name","Dataset Code","Country Name","Country Code","Indicator Name","Indicator Code","Type Name","Metadata Attribute","Metadata Value","Frequency"
"Commodity Terms of Trade","PCTOT","","","","","","Category","Main",""
"Commodity Terms of Trade","PCTOT","","","","","","Dataset","Primary Commodity Prices",""
"Commodity Terms of Trade","PCTOT","","","","","","Definition","Country-specific commodity price indices, including export, import, and terms-of-trade indices. For each country, the change in the international price of up to 45 individual commodities is weighted using commodity-level trade data. See <b><i><a href=""https://www.imf.org/en/Publications/WP/Issues/2019/01/24/Commodity-Terms-of-Trade-A-New-Database-46522"" target = ""_blank"">“Commodity Terms of Trade: A New Database,”</a></b></i> by Bertrand Gruss and Suhaib Kebhaj, for further details.",""
"Commodity Terms of Trade","PCTOT","","","","","","Frequency","Annual,Monthly",""
"Commodity Terms of Trade","PCTOT","","","","","","Geographic Coverage","182 economies.",""
"Commodity Terms of Trade","PCTOT","","","","","","Latest Update Date","09/19/2024",""
"Commodity Terms of Trade","PCTOT","","","","","","Methodology","The country-specific indices are constructed using, alternatively, time-varying weights (using average trade flows over the precedingthree years) and fixed weights (based on average trade flows over several decades).",""
"Commodity Terms of Trade","PCTOT","","","","","","Sort Order","21",""
"Commodity Terms of Trade","PCTOT","","","","","","Tag","Home Page",""
"Commodity Terms of Trade","PCTOT","","","","","","Temporal Coverage","The data are monthly, based on 45 commodities and going back to 1980 (recent); and annual, based on 40 commodities and going backto 1962 (historical).",""
"Commodity Terms of Trade","PCTOT","","","","","","Timeliness","Data are updated in line with the WEO cycle.",""
"Commodity Terms of Trade","PCTOT","","","","","","Topics","Real Sector",""
"Commodity Terms of Trade","PCTOT","Afghanistan, Islamic Republic of","512","","","","Country Code","512",""
"Commodity Terms of Trade","PCTOT","Afghanistan, Islamic Republic of","512","","","","Country Name","Afghanistan, Islamic Republic of",""
"Commodity Terms of Trade","PCTOT","Afghanistan, Islamic Republic of","512","","","","Country SDMX Code","AF",""
"Commodity Terms of Trade","PCTOT","Afghanistan, Islamic Republic of","512","","","","Country SDMX Name","Afghanistan",""
"Commodity Terms of Trade","PCTOT","Albania","914","","","","Country Code","914",""
"Commodity Terms of Trade","PCTOT","Albania","914","","","","Country Name","Albania",""
"Commodity Terms of Trade","PCTOT","Albania","914","","","","Country SDMX Code","AL",""
"Commodity Terms of Trade","PCTOT","Albania","914","","","","Country SDMX Name","Albania",""
"Commodity Terms of Trade","PCTOT","Algeria","612","","","","Country Code","612",""
"Commodity Terms of Trade","PCTOT","Algeria","612","","","","Country Name","Algeria",""
"Commodity Terms of Trade","PCTOT","Algeria","612","","","","Country SDMX Code","DZ",""
"Commodity Terms of Trade","PCTOT","Algeria","612","","","","Country SDMX Name","Algeria",""
"Commodity Terms of Trade","PCTOT","Angola","614","","","","Country Code","614",""
"Commodity Terms of Trade","PCTOT","Angola","614","","","","Country Name","Angola",""
"Commodity Terms of Trade","PCTOT","Angola","614","","","","Country SDMX Code","AO",""
"Commodity Terms of Trade","PCTOT","Angola","614","","","","Country SDMX Name","Angola",""
"Commodity Terms of Trade","PCTOT","Antigua and Barbuda","311","","","","Country Code","311",""
"Commodity Terms of Trade","PCTOT","Antigua and Barbuda","311","","","","Country Name","Antigua and Barbuda",""
"Commodity Terms of Trade","PCTOT","Antigua and Barbuda","311","","","","Country SDMX Code","AG",""
"Commodity Terms of Trade","PCTOT","Antigua and Barbuda","311","","","","Country SDMX Name","Antigua and Barbuda",""
"Commodity Terms of Trade","PCTOT","Argentina","213","","","","Country Code","213",""
"Commodity Terms of Trade","PCTOT","Argentina","213","","","","Country Name","Argentina",""
"Commodity Terms of Trade","PCTOT","Argentina","213","","","","Country SDMX Code","AR",""
"Commodity Terms of Trade","PCTOT","Argentina","213","","","","Country SDMX Name","Argentina",""
"Commodity Terms of Trade","PCTOT","Armenia, Republic of","911","","","","Country Code","911",""
"Commodity Terms of Trade","PCTOT","Armenia, Republic of","911","","","","Country Name","Armenia, Republic of",""
"Commodity Terms of Trade","PCTOT","Armenia, Republic of","911","","","","Country SDMX Code","AM",""
"Commodity Terms of Trade","PCTOT","Armenia, Republic of","911","","","","Country SDMX Name","Armenia",""
"Commodity Terms of Trade","PCTOT","Australia","193","","","","Country Code","193",""
"Commodity Terms of Trade","PCTOT","Australia","193","","","","Country Name","Australia",""
"Commodity Terms of Trade","PCTOT","Australia","193","","","","Country SDMX Code","AU",""
"Commodity Terms of Trade","PCTOT","Australia","193","","","","Country SDMX Name","Australia",""
"Commodity Terms of Trade","PCTOT","Austria","122","","","","Country Code","122",""
"Commodity Terms of Trade","PCTOT","Austria","122","","","","Country Name","Austria",""
"Commodity Terms of Trade","PCTOT","Austria","122","","","","Country SDMX Code","AT",""
"Commodity Terms of Trade","PCTOT","Austria","122","","","","Country SDMX Name","Austria",""
"Commodity Terms of Trade","PCTOT","Azerbaijan, Republic of","912","","","","Country Code","912",""
"Commodity Terms of Trade","PCTOT","Azerbaijan, Republic of","912","","","","Country Name","Azerbaijan, Republic of",""
"Commodity Terms of Trade","PCTOT","Azerbaijan, Republic of","912","","","","Country SDMX Code","AZ",""
"Commodity Terms of Trade","PCTOT","Azerbaijan, Republic of","912","","","","Country SDMX Name","Azerbaijan",""
"Commodity Terms of Trade","PCTOT","Bahamas, The","313","","","","Country Code","313",""
"Commodity Terms of Trade","PCTOT","Bahamas, The","313","","","","Country Name","Bahamas, The",""
"Commodity Terms of Trade","PCTOT","Bahamas, The","313","","","","Country SDMX Code","BS",""
"Commodity Terms of Trade","PCTOT","Bahamas, The","313","","","","Country SDMX Name","Bahamas",""
"Commodity Terms of Trade","PCTOT","Bahrain, Kingdom of","419","","","","Country Code","419",""
"Commodity Terms of Trade","PCTOT","Bahrain, Kingdom of","419","","","","Country Name","Bahrain, Kingdom of",""
"Commodity Terms of Trade","PCTOT","Bahrain, Kingdom of","419","","","","Country SDMX Code","BH",""
"Commodity Terms of Trade","PCTOT","Bahrain, Kingdom of","419","","","","Country SDMX Name","Bahrain",""
"Commodity Terms of Trade","PCTOT","Bangladesh","513","","","","Country Code","513",""
"Commodity Terms of Trade","PCTOT","Bangladesh","513","","","","Country Name","Bangladesh",""
"Commodity Terms of Trade","PCTOT","Bangladesh","513","","","","Country SDMX Code","BD",""
"Commodity Terms of Trade","PCTOT","Bangladesh","513","","","","Country SDMX Name","Bangladesh",""
"Commodity Terms of Trade","PCTOT","Barbados","316","","","","Country Code","316",""
"Commodity Terms of Trade","PCTOT","Barbados","316","","","","Country Name","Barbados",""
"Commodity Terms of Trade","PCTOT","Barbados","316","","","","Country SDMX Code","BB",""
"Commodity Terms of Trade","PCTOT","Barbados","316","","","","Country SDMX Name","Barbados",""
"Commodity Terms of Trade","PCTOT","Belarus","913","","","","Country Code","913",""
"Commodity Terms of Trade","PCTOT","Belarus","913","","","","Country Name","Belarus",""
"Commodity Terms of Trade","PCTOT","Belarus","913","","","","Country SDMX Code","BY",""
"Commodity Terms of Trade","PCTOT","Belarus","913","","","","Country SDMX Name","Belarus",""
"Commodity Terms of Trade","PCTOT","Belgium","124","","","","Country Code","124",""
"Commodity Terms of Trade","PCTOT","Belgium","124","","","","Country Name","Belgium",""
"Commodity Terms of Trade","PCTOT","Belgium","124","","","","Country SDMX Code","BE",""
"Commodity Terms of Trade","PCTOT","Belgium","124","","","","Country SDMX Name","Belgium",""
"Commodity Terms of Trade","PCTOT","Belize","339","","","","Country Code","339",""
"Commodity Terms of Trade","PCTOT","Belize","339","","","","Country Name","Belize",""
"Commodity Terms of Trade","PCTOT","Belize","339","","","","Country SDMX Code","BZ",""
"Commodity Terms of Trade","PCTOT","Belize","339","","","","Country SDMX Name","Belize",""
"Commodity Terms of Trade","PCTOT","Benin","638","","","","Country Code","638",""
"Commodity Terms of Trade","PCTOT","Benin","638","","","","Country Name","Benin",""
"Commodity Terms of Trade","PCTOT","Benin","638","","","","Country SDMX Code","BJ",""
"Commodity Terms of Trade","PCTOT","Benin","638","","","","Country SDMX Name","Benin",""
"Commodity Terms of Trade","PCTOT","Bhutan","514","","","","Country Code","514",""
"Commodity Terms of Trade","PCTOT","Bhutan","514","","","","Country Name","Bhutan",""
"Commodity Terms of Trade","PCTOT","Bhutan","514","","","","Country SDMX Code","BT",""
"Commodity Terms of Trade","PCTOT","Bhutan","514","","","","Country SDMX Name","Bhutan",""
"Commodity Terms of Trade","PCTOT","Bolivia","218","","","","Country Code","218",""
"Commodity Terms of Trade","PCTOT","Bolivia","218","","","","Country Name","Bolivia",""
"Commodity Terms of Trade","PCTOT","Bolivia","218","","","","Country SDMX Code","BO",""
"Commodity Terms of Trade","PCTOT","Bolivia","218","","","","Country SDMX Name","Bolivia",""
"Commodity Terms of Trade","PCTOT","Bosnia and Herzegovina","963","","","","Country Code","963",""
"Commodity Terms of Trade","PCTOT","Bosnia and Herzegovina","963","","","","Country Name","Bosnia and Herzegovina",""
"Commodity Terms of Trade","PCTOT","Bosnia and Herzegovina","963","","","","Country SDMX Code","BA",""
"Commodity Terms of Trade","PCTOT","Bosnia and Herzegovina","963","","","","Country SDMX Name","Bosnia and Herzegovina",""
"Commodity Terms of Trade","PCTOT","Botswana","616","","","","Country Code","616",""
"Commodity Terms of Trade","PCTOT","Botswana","616","","","","Country Name","Botswana",""
"Commodity Terms of Trade","PCTOT","Botswana","616","","","","Country SDMX Code","BW",""
"Commodity Terms of Trade","PCTOT","Botswana","616","","","","Country SDMX Name","Botswana",""
"Commodity Terms of Trade","PCTOT","Brazil","223","","","","Country Code","223",""
"Commodity Terms of Trade","PCTOT","Brazil","223","","","","Country Name","Brazil",""
"Commodity Terms of Trade","PCTOT","Brazil","223","","","","Country SDMX Code","BR",""
"Commodity Terms of Trade","PCTOT","Brazil","223","","","","Country SDMX Name","Brazil",""
"Commodity Terms of Trade","PCTOT","Brunei Darussalam","516","","","","Country Code","516",""
"Commodity Terms of Trade","PCTOT","Brunei Darussalam","516","","","","Country Name","Brunei Darussalam",""
"Commodity Terms of Trade","PCTOT","Brunei Darussalam","516","","","","Country SDMX Code","BN",""
"Commodity Terms of Trade","PCTOT","Brunei Darussalam","516","","","","Country SDMX Name","Brunei Darussalam",""
"Commodity Terms of Trade","PCTOT","Bulgaria","918","","","","Country Code","918",""
"Commodity Terms of Trade","PCTOT","Bulgaria","918","","","","Country Name","Bulgaria",""
"Commodity Terms of Trade","PCTOT","Bulgaria","918","","","","Country SDMX Code","BG",""
"Commodity Terms of Trade","PCTOT","Bulgaria","918","","","","Country SDMX Name","Bulgaria",""
"Commodity Terms of Trade","PCTOT","Burkina Faso","748","","","","Country Code","748",""
"Commodity Terms of Trade","PCTOT","Burkina Faso","748","","","","Country Name","Burkina Faso",""
"Commodity Terms of Trade","PCTOT","Burkina Faso","748","","","","Country SDMX Code","BF",""
"Commodity Terms of Trade","PCTOT","Burkina Faso","748","","","","Country SDMX Name","Burkina Faso",""
"Commodity Terms of Trade","PCTOT","Burundi","618","","","","Country Code","618",""
"Commodity Terms of Trade","PCTOT","Burundi","618","","","","Country Name","Burundi",""
"Commodity Terms of Trade","PCTOT","Burundi","618","","","","Country SDMX Code","BI",""
"Commodity Terms of Trade","PCTOT","Burundi","618","","","","Country SDMX Name","Burundi",""
"Commodity Terms of Trade","PCTOT","Cabo Verde","624","","","","Country Code","624",""
"Commodity Terms of Trade","PCTOT","Cabo Verde","624","","","","Country Name","Cabo Verde",""
"Commodity Terms of Trade","PCTOT","Cabo Verde","624","","","","Country SDMX Code","CV",""
"Commodity Terms of Trade","PCTOT","Cabo Verde","624","","","","Country SDMX Name","Cabo Verde",""
"Commodity Terms of Trade","PCTOT","Cambodia","522","","","","Country Code","522",""
"Commodity Terms of Trade","PCTOT","Cambodia","522","","","","Country Name","Cambodia",""
"Commodity Terms of Trade","PCTOT","Cambodia","522","","","","Country SDMX Code","KH",""
"Commodity Terms of Trade","PCTOT","Cambodia","522","","","","Country SDMX Name","Cambodia",""
"Commodity Terms of Trade","PCTOT","Cameroon","622","","","","Country Code","622",""
"Commodity Terms of Trade","PCTOT","Cameroon","622","","","","Country Name","Cameroon",""
"Commodity Terms of Trade","PCTOT","Cameroon","622","","","","Country SDMX Code","CM",""
"Commodity Terms of Trade","PCTOT","Cameroon","622","","","","Country SDMX Name","Cameroon",""
"Commodity Terms of Trade","PCTOT","Canada","156","","","","Country Code","156",""
"Commodity Terms of Trade","PCTOT","Canada","156","","","","Country Name","Canada",""
"Commodity Terms of Trade","PCTOT","Canada","156","","","","Country SDMX Code","CA",""
"Commodity Terms of Trade","PCTOT","Canada","156","","","","Country SDMX Name","Canada",""
"Commodity Terms of Trade","PCTOT","Central African Republic","626","","","","Country Code","626",""
"Commodity Terms of Trade","PCTOT","Central African Republic","626","","","","Country Name","Central African Republic",""
"Commodity Terms of Trade","PCTOT","Central African Republic","626","","","","Country SDMX Code","CF",""
"Commodity Terms of Trade","PCTOT","Central African Republic","626","","","","Country SDMX Name","Central African Republic",""
"Commodity Terms of Trade","PCTOT","Chad","628","","","","Country Code","628",""
"Commodity Terms of Trade","PCTOT","Chad","628","","","","Country Name","Chad",""
"Commodity Terms of Trade","PCTOT","Chad","628","","","","Country SDMX Code","TD",""
"Commodity Terms of Trade","PCTOT","Chad","628","","","","Country SDMX Name","Chad",""
"Commodity Terms of Trade","PCTOT","Chile","228","","","","Country Code","228",""
"Commodity Terms of Trade","PCTOT","Chile","228","","","","Country Name","Chile",""
"Commodity Terms of Trade","PCTOT","Chile","228","","","","Country SDMX Code","CL",""
"Commodity Terms of Trade","PCTOT","Chile","228","","","","Country SDMX Name","Chile",""
"Commodity Terms of Trade","PCTOT","China, P.R.: Hong Kong","532","","","","Country Code","532",""
"Commodity Terms of Trade","PCTOT","China, P.R.: Hong Kong","532","","","","Country Name","China, P.R.: Hong Kong",""
"Commodity Terms of Trade","PCTOT","China, P.R.: Hong Kong","532","","","","Country SDMX Code","HK",""
"Commodity Terms of Trade","PCTOT","China, P.R.: Hong Kong","532","","","","Country SDMX Name","Hong Kong, China",""
"Commodity Terms of Trade","PCTOT","China, P.R.: Mainland","924","","","","Country Code","924",""
"Commodity Terms of Trade","PCTOT","China, P.R.: Mainland","924","","","","Country Name","China, P.R.: Mainland",""
"Commodity Terms of Trade","PCTOT","China, P.R.: Mainland","924","","","","Country SDMX Code","CN",""
"Commodity Terms of Trade","PCTOT","China, P.R.: Mainland","924","","","","Country SDMX Name","China",""
"Commodity Terms of Trade","PCTOT","Colombia","233","","","","Country Code","233",""
"Commodity Terms of Trade","PCTOT","Colombia","233","","","","Country Name","Colombia",""
"Commodity Terms of Trade","PCTOT","Colombia","233","","","","Country SDMX Code","CO",""
"Commodity Terms of Trade","PCTOT","Colombia","233","","","","Country SDMX Name","Colombia",""
"Commodity Terms of Trade","PCTOT","Comoros","632","","","","Country Code","632",""
"Commodity Terms of Trade","PCTOT","Comoros","632","","","","Country Name","Comoros",""
"Commodity Terms of Trade","PCTOT","Comoros","632","","","","Country SDMX Code","KM",""
"Commodity Terms of Trade","PCTOT","Comoros","632","","","","Country SDMX Name","Comoros",""
"Commodity Terms of Trade","PCTOT","Congo, Democratic Republic of","636","","","","Country Code","636",""
"Commodity Terms of Trade","PCTOT","Congo, Democratic Republic of","636","","","","Country Name","Congo, Democratic Republic of",""
"Commodity Terms of Trade","PCTOT","Congo, Democratic Republic of","636","","","","Country SDMX Code","CD",""
"Commodity Terms of Trade","PCTOT","Congo, Democratic Republic of","636","","","","Country SDMX Name","Congo, the Democratic Republic of the",""
"Commodity Terms of Trade","PCTOT","Congo, Republic of","634","","","","Country Code","634",""
"Commodity Terms of Trade","PCTOT","Congo, Republic of","634","","","","Country Name","Congo, Republic of",""
"Commodity Terms of Trade","PCTOT","Congo, Republic of","634","","","","Country SDMX Code","CG",""
"Commodity Terms of Trade","PCTOT","Congo, Republic of","634","","","","Country SDMX Name","Congo",""
"Commodity Terms of Trade","PCTOT","Costa Rica","238","","","","Country Code","238",""
"Commodity Terms of Trade","PCTOT","Costa Rica","238","","","","Country Name","Costa Rica",""
"Commodity Terms of Trade","PCTOT","Costa Rica","238","","","","Country SDMX Code","CR",""
"Commodity Terms of Trade","PCTOT","Costa Rica","238","","","","Country SDMX Name","Costa Rica",""
"Commodity Terms of Trade","PCTOT","Côte d'Ivoire","662","","","","Country Code","662",""
"Commodity Terms of Trade","PCTOT","Côte d'Ivoire","662","","","","Country Name","Côte d'Ivoire",""
"Commodity Terms of Trade","PCTOT","Côte d'Ivoire","662","","","","Country SDMX Code","CI",""
"Commodity Terms of Trade","PCTOT","Côte d'Ivoire","662","","","","Country SDMX Name","Cote d`Ivoire",""
"Commodity Terms of Trade","PCTOT","Croatia","960","","","","Country Code","960",""
"Commodity Terms of Trade","PCTOT","Croatia","960","","","","Country Name","Croatia",""
"Commodity Terms of Trade","PCTOT","Croatia","960","","","","Country SDMX Code","HR",""
"Commodity Terms of Trade","PCTOT","Croatia","960","","","","Country SDMX Name","Croatia",""
"Commodity Terms of Trade","PCTOT","Cyprus","423","","","","Country Code","423",""
"Commodity Terms of Trade","PCTOT","Cyprus","423","","","","Country Name","Cyprus",""
"Commodity Terms of Trade","PCTOT","Cyprus","423","","","","Country SDMX Code","CY",""
"Commodity Terms of Trade","PCTOT","Cyprus","423","","","","Country SDMX Name","Cyprus",""
"Commodity Terms of Trade","PCTOT","Czech Republic","935","","","","Country Code","935",""
"Commodity Terms of Trade","PCTOT","Czech Republic","935","","","","Country Name","Czech Republic",""
"Commodity Terms of Trade","PCTOT","Czech Republic","935","","","","Country SDMX Code","CZ",""
"Commodity Terms of Trade","PCTOT","Czech Republic","935","","","","Country SDMX Name","Czech Republic",""
"Commodity Terms of Trade","PCTOT","Denmark","128","","","","Country Code","128",""
"Commodity Terms of Trade","PCTOT","Denmark","128","","","","Country Name","Denmark",""
"Commodity Terms of Trade","PCTOT","Denmark","128","","","","Country SDMX Code","DK",""
"Commodity Terms of Trade","PCTOT","Denmark","128","","","","Country SDMX Name","Denmark",""
"Commodity Terms of Trade","PCTOT","Djibouti","611","","","","Country Code","611",""
"Commodity Terms of Trade","PCTOT","Djibouti","611","","","","Country Name","Djibouti",""
"Commodity Terms of Trade","PCTOT","Djibouti","611","","","","Country SDMX Code","DJ",""
"Commodity Terms of Trade","PCTOT","Djibouti","611","","","","Country SDMX Name","Djibouti",""
"Commodity Terms of Trade","PCTOT","Dominica","321","","","","Country Code","321",""
"Commodity Terms of Trade","PCTOT","Dominica","321","","","","Country Name","Dominica",""
"Commodity Terms of Trade","PCTOT","Dominica","321","","","","Country SDMX Code","DM",""
"Commodity Terms of Trade","PCTOT","Dominica","321","","","","Country SDMX Name","Dominica",""
"Commodity Terms of Trade","PCTOT","Dominican Republic","243","","","","Country Code","243",""
"Commodity Terms of Trade","PCTOT","Dominican Republic","243","","","","Country Name","Dominican Republic",""
"Commodity Terms of Trade","PCTOT","Dominican Republic","243","","","","Country SDMX Code","DO",""
"Commodity Terms of Trade","PCTOT","Dominican Republic","243","","","","Country SDMX Name","Dominican Republic",""
"Commodity Terms of Trade","PCTOT","Ecuador","248","","","","Country Code","248",""
"Commodity Terms of Trade","PCTOT","Ecuador","248","","","","Country Name","Ecuador",""
"Commodity Terms of Trade","PCTOT","Ecuador","248","","","","Country SDMX Code","EC",""
"Commodity Terms of Trade","PCTOT","Ecuador","248","","","","Country SDMX Name","Ecuador",""
"Commodity Terms of Trade","PCTOT","Egypt","469","","","","Country Code","469",""
"Commodity Terms of Trade","PCTOT","Egypt","469","","","","Country Name","Egypt",""
"Commodity Terms of Trade","PCTOT","Egypt","469","","","","Country SDMX Code","EG",""
"Commodity Terms of Trade","PCTOT","Egypt","469","","","","Country SDMX Name","Egypt",""
"Commodity Terms of Trade","PCTOT","El Salvador","253","","","","Country Code","253",""
"Commodity Terms of Trade","PCTOT","El Salvador","253","","","","Country Name","El Salvador",""
"Commodity Terms of Trade","PCTOT","El Salvador","253","","","","Country SDMX Code","SV",""
"Commodity Terms of Trade","PCTOT","El Salvador","253","","","","Country SDMX Name","El Salvador",""
"Commodity Terms of Trade","PCTOT","Equatorial Guinea","642","","","","Country Code","642",""
"Commodity Terms of Trade","PCTOT","Equatorial Guinea","642","","","","Country Name","Equatorial Guinea",""
"Commodity Terms of Trade","PCTOT","Equatorial Guinea","642","","","","Country SDMX Code","GQ",""
"Commodity Terms of Trade","PCTOT","Equatorial Guinea","642","","","","Country SDMX Name","Equatorial Guinea",""
"Commodity Terms of Trade","PCTOT","Eritrea","643","","","","Country Code","643",""
"Commodity Terms of Trade","PCTOT","Eritrea","643","","","","Country Name","Eritrea",""
"Commodity Terms of Trade","PCTOT","Eritrea","643","","","","Country SDMX Code","ER",""
"Commodity Terms of Trade","PCTOT","Eritrea","643","","","","Country SDMX Name","Eritrea",""
"Commodity Terms of Trade","PCTOT","Estonia","939","","","","Country Code","939",""
"Commodity Terms of Trade","PCTOT","Estonia","939","","","","Country Name","Estonia",""
"Commodity Terms of Trade","PCTOT","Estonia","939","","","","Country SDMX Code","EE",""
"Commodity Terms of Trade","PCTOT","Estonia","939","","","","Country SDMX Name","Estonia",""
"Commodity Terms of Trade","PCTOT","Eswatini, Kingdom of","734","","","","Country Code","734",""
"Commodity Terms of Trade","PCTOT","Eswatini, Kingdom of","734","","","","Country Name","Eswatini, Kingdom of",""
"Commodity Terms of Trade","PCTOT","Eswatini, Kingdom of","734","","","","Country SDMX Code","SZ",""
"Commodity Terms of Trade","PCTOT","Eswatini, Kingdom of","734","","","","Country SDMX Name","Eswatini",""
"Commodity Terms of Trade","PCTOT","Ethiopia","644","","","","Country Code","644",""
"Commodity Terms of Trade","PCTOT","Ethiopia","644","","","","Country Name","Ethiopia",""
"Commodity Terms of Trade","PCTOT","Ethiopia","644","","","","Country SDMX Code","ET",""
"Commodity Terms of Trade","PCTOT","Ethiopia","644","","","","Country SDMX Name","Ethiopia",""
"Commodity Terms of Trade","PCTOT","Fiji","819","","","","Country Code","819",""
"Commodity Terms of Trade","PCTOT","Fiji","819","","","","Country Name","Fiji",""
"Commodity Terms of Trade","PCTOT","Fiji","819","","","","Country SDMX Code","FJ",""
"Commodity Terms of Trade","PCTOT","Fiji","819","","","","Country SDMX Name","Fiji",""
"Commodity Terms of Trade","PCTOT","Finland","172","","","","Country Code","172",""
"Commodity Terms of Trade","PCTOT","Finland","172","","","","Country Name","Finland",""
"Commodity Terms of Trade","PCTOT","Finland","172","","","","Country SDMX Code","FI",""
"Commodity Terms of Trade","PCTOT","Finland","172","","","","Country SDMX Name","Finland",""
"Commodity Terms of Trade","PCTOT","France","132","","","","Country Code","132",""
"Commodity Terms of Trade","PCTOT","France","132","","","","Country Name","France",""
"Commodity Terms of Trade","PCTOT","France","132","","","","Country SDMX Code","FR",""
"Commodity Terms of Trade","PCTOT","France","132","","","","Country SDMX Name","France",""
"Commodity Terms of Trade","PCTOT","Gabon","646","","","","Country Code","646",""
"Commodity Terms of Trade","PCTOT","Gabon","646","","","","Country Name","Gabon",""
"Commodity Terms of Trade","PCTOT","Gabon","646","","","","Country SDMX Code","GA",""
"Commodity Terms of Trade","PCTOT","Gabon","646","","","","Country SDMX Name","Gabon",""
"Commodity Terms of Trade","PCTOT","Gambia, The","648","","","","Country Code","648",""
"Commodity Terms of Trade","PCTOT","Gambia, The","648","","","","Country Name","Gambia, The",""
"Commodity Terms of Trade","PCTOT","Gambia, The","648","","","","Country SDMX Code","GM",""
"Commodity Terms of Trade","PCTOT","Gambia, The","648","","","","Country SDMX Name","Gambia",""
"Commodity Terms of Trade","PCTOT","Georgia","915","","","","Country Code","915",""
"Commodity Terms of Trade","PCTOT","Georgia","915","","","","Country Name","Georgia",""
"Commodity Terms of Trade","PCTOT","Georgia","915","","","","Country SDMX Code","GE",""
"Commodity Terms of Trade","PCTOT","Georgia","915","","","","Country SDMX Name","Georgia",""
"Commodity Terms of Trade","PCTOT","Germany","134","","","","Country Code","134",""
"Commodity Terms of Trade","PCTOT","Germany","134","","","","Country Name","Germany",""
"Commodity Terms of Trade","PCTOT","Germany","134","","","","Country SDMX Code","DE",""
"Commodity Terms of Trade","PCTOT","Germany","134","","","","Country SDMX Name","Germany",""
"Commodity Terms of Trade","PCTOT","Ghana","652","","","","Country Code","652",""
"Commodity Terms of Trade","PCTOT","Ghana","652","","","","Country Name","Ghana",""
"Commodity Terms of Trade","PCTOT","Ghana","652","","","","Country SDMX Code","GH",""
"Commodity Terms of Trade","PCTOT","Ghana","652","","","","Country SDMX Name","Ghana",""
"Commodity Terms of Trade","PCTOT","Greece","174","","","","Country Code","174",""
"Commodity Terms of Trade","PCTOT","Greece","174","","","","Country Name","Greece",""
"Commodity Terms of Trade","PCTOT","Greece","174","","","","Country SDMX Code","GR",""
"Commodity Terms of Trade","PCTOT","Greece","174","","","","Country SDMX Name","Greece",""
"Commodity Terms of Trade","PCTOT","Grenada","328","","","","Country Code","328",""
"Commodity Terms of Trade","PCTOT","Grenada","328","","","","Country Name","Grenada",""
"Commodity Terms of Trade","PCTOT","Grenada","328","","","","Country SDMX Code","GD",""
"Commodity Terms of Trade","PCTOT","Grenada","328","","","","Country SDMX Name","Grenada",""
"Commodity Terms of Trade","PCTOT","Guatemala","258","","","","Country Code","258",""
"Commodity Terms of Trade","PCTOT","Guatemala","258","","","","Country Name","Guatemala",""
"Commodity Terms of Trade","PCTOT","Guatemala","258","","","","Country SDMX Code","GT",""
"Commodity Terms of Trade","PCTOT","Guatemala","258","","","","Country SDMX Name","Guatemala",""
"Commodity Terms of Trade","PCTOT","Guinea","656","","","","Country Code","656",""
"Commodity Terms of Trade","PCTOT","Guinea","656","","","","Country Name","Guinea",""
"Commodity Terms of Trade","PCTOT","Guinea","656","","","","Country SDMX Code","GN",""
"Commodity Terms of Trade","PCTOT","Guinea","656","","","","Country SDMX Name","Guinea",""
"Commodity Terms of Trade","PCTOT","Guinea-Bissau","654","","","","Country Code","654",""
"Commodity Terms of Trade","PCTOT","Guinea-Bissau","654","","","","Country Name","Guinea-Bissau",""
"Commodity Terms of Trade","PCTOT","Guinea-Bissau","654","","","","Country SDMX Code","GW",""
"Commodity Terms of Trade","PCTOT","Guinea-Bissau","654","","","","Country SDMX Name","Guinea-Bissau",""
"Commodity Terms of Trade","PCTOT","Guyana","336","","","","Country Code","336",""
"Commodity Terms of Trade","PCTOT","Guyana","336","","","","Country Name","Guyana",""
"Commodity Terms of Trade","PCTOT","Guyana","336","","","","Country SDMX Code","GY",""
"Commodity Terms of Trade","PCTOT","Guyana","336","","","","Country SDMX Name","Guyana",""
"Commodity Terms of Trade","PCTOT","Haiti","263","","","","Country Code","263",""
"Commodity Terms of Trade","PCTOT","Haiti","263","","","","Country Name","Haiti",""
"Commodity Terms of Trade","PCTOT","Haiti","263","","","","Country SDMX Code","HT",""
"Commodity Terms of Trade","PCTOT","Haiti","263","","","","Country SDMX Name","Haiti",""
"Commodity Terms of Trade","PCTOT","Honduras","268","","","","Country Code","268",""
"Commodity Terms of Trade","PCTOT","Honduras","268","","","","Country Name","Honduras",""
"Commodity Terms of Trade","PCTOT","Honduras","268","","","","Country SDMX Code","HN",""
"Commodity Terms of Trade","PCTOT","Honduras","268","","","","Country SDMX Name","Honduras",""
"Commodity Terms of Trade","PCTOT","Hungary","944","","","","Country Code","944",""
"Commodity Terms of Trade","PCTOT","Hungary","944","","","","Country Name","Hungary",""
"Commodity Terms of Trade","PCTOT","Hungary","944","","","","Country SDMX Code","HU",""
"Commodity Terms of Trade","PCTOT","Hungary","944","","","","Country SDMX Name","Hungary",""
"Commodity Terms of Trade","PCTOT","Iceland","176","","","","Country Code","176",""
"Commodity Terms of Trade","PCTOT","Iceland","176","","","","Country Name","Iceland",""
"Commodity Terms of Trade","PCTOT","Iceland","176","","","","Country SDMX Code","IS",""
"Commodity Terms of Trade","PCTOT","Iceland","176","","","","Country SDMX Name","Iceland",""
"Commodity Terms of Trade","PCTOT","India","534","","","","Country Code","534",""
"Commodity Terms of Trade","PCTOT","India","534","","","","Country Name","India",""
"Commodity Terms of Trade","PCTOT","India","534","","","","Country SDMX Code","IN",""
"Commodity Terms of Trade","PCTOT","India","534","","","","Country SDMX Name","India",""
"Commodity Terms of Trade","PCTOT","Indonesia","536","","","","Country Code","536",""
"Commodity Terms of Trade","PCTOT","Indonesia","536","","","","Country Name","Indonesia",""
"Commodity Terms of Trade","PCTOT","Indonesia","536","","","","Country SDMX Code","ID",""
"Commodity Terms of Trade","PCTOT","Indonesia","536","","","","Country SDMX Name","Indonesia",""
"Commodity Terms of Trade","PCTOT","Iran, Islamic Republic of","429","","","","Country Code","429",""
"Commodity Terms of Trade","PCTOT","Iran, Islamic Republic of","429","","","","Country Name","Iran, Islamic Republic of",""
"Commodity Terms of Trade","PCTOT","Iran, Islamic Republic of","429","","","","Country SDMX Code","IR",""
"Commodity Terms of Trade","PCTOT","Iran, Islamic Republic of","429","","","","Country SDMX Name","Iran, Islamic Republic of",""
"Commodity Terms of Trade","PCTOT","Iraq","433","","","","Country Code","433",""
"Commodity Terms of Trade","PCTOT","Iraq","433","","","","Country Name","Iraq",""
"Commodity Terms of Trade","PCTOT","Iraq","433","","","","Country SDMX Code","IQ",""
"Commodity Terms of Trade","PCTOT","Iraq","433","","","","Country SDMX Name","Iraq",""
"Commodity Terms of Trade","PCTOT","Ireland","178","","","","Country Code","178",""
"Commodity Terms of Trade","PCTOT","Ireland","178","","","","Country Name","Ireland",""
"Commodity Terms of Trade","PCTOT","Ireland","178","","","","Country SDMX Code","IE",""
"Commodity Terms of Trade","PCTOT","Ireland","178","","","","Country SDMX Name","Ireland",""
"Commodity Terms of Trade","PCTOT","Israel","436","","","","Country Code","436",""
"Commodity Terms of Trade","PCTOT","Israel","436","","","","Country Name","Israel",""
"Commodity Terms of Trade","PCTOT","Israel","436","","","","Country SDMX Code","IL",""
"Commodity Terms of Trade","PCTOT","Israel","436","","","","Country SDMX Name","Israel",""
"Commodity Terms of Trade","PCTOT","Italy","136","","","","Country Code","136",""
"Commodity Terms of Trade","PCTOT","Italy","136","","","","Country Name","Italy",""
"Commodity Terms of Trade","PCTOT","Italy","136","","","","Country SDMX Code","IT",""
"Commodity Terms of Trade","PCTOT","Italy","136","","","","Country SDMX Name","Italy",""
"Commodity Terms of Trade","PCTOT","Jamaica","343","","","","Country Code","343",""
"Commodity Terms of Trade","PCTOT","Jamaica","343","","","","Country Name","Jamaica",""
"Commodity Terms of Trade","PCTOT","Jamaica","343","","","","Country SDMX Code","JM",""
"Commodity Terms of Trade","PCTOT","Jamaica","343","","","","Country SDMX Name","Jamaica",""
"Commodity Terms of Trade","PCTOT","Japan","158","","","","Country Code","158",""
"Commodity Terms of Trade","PCTOT","Japan","158","","","","Country Name","Japan",""
"Commodity Terms of Trade","PCTOT","Japan","158","","","","Country SDMX Code","JP",""
"Commodity Terms of Trade","PCTOT","Japan","158","","","","Country SDMX Name","Japan",""
"Commodity Terms of Trade","PCTOT","Jordan","439","","","","Country Code","439",""
"Commodity Terms of Trade","PCTOT","Jordan","439","","","","Country Name","Jordan",""
"Commodity Terms of Trade","PCTOT","Jordan","439","","","","Country SDMX Code","JO",""
"Commodity Terms of Trade","PCTOT","Jordan","439","","","","Country SDMX Name","Jordan",""
"Commodity Terms of Trade","PCTOT","Kazakhstan","916","","","","Country Code","916",""
"Commodity Terms of Trade","PCTOT","Kazakhstan","916","","","","Country Name","Kazakhstan",""
"Commodity Terms of Trade","PCTOT","Kazakhstan","916","","","","Country SDMX Code","KZ",""
"Commodity Terms of Trade","PCTOT","Kazakhstan","916","","","","Country SDMX Name","Kazakhstan",""
"Commodity Terms of Trade","PCTOT","Kenya","664","","","","Country Code","664",""
"Commodity Terms of Trade","PCTOT","Kenya","664","","","","Country Name","Kenya",""
"Commodity Terms of Trade","PCTOT","Kenya","664","","","","Country SDMX Code","KE",""
"Commodity Terms of Trade","PCTOT","Kenya","664","","","","Country SDMX Name","Kenya",""
"Commodity Terms of Trade","PCTOT","Kiribati","826","","","","Country Code","826",""
"Commodity Terms of Trade","PCTOT","Kiribati","826","","","","Country Name","Kiribati",""
"Commodity Terms of Trade","PCTOT","Kiribati","826","","","","Country SDMX Code","KI",""
"Commodity Terms of Trade","PCTOT","Kiribati","826","","","","Country SDMX Name","Kiribati",""
"Commodity Terms of Trade","PCTOT","Korea, Republic of","542","","","","Country Code","542",""
"Commodity Terms of Trade","PCTOT","Korea, Republic of","542","","","","Country Name","Korea, Republic of",""
"Commodity Terms of Trade","PCTOT","Korea, Republic of","542","","","","Country SDMX Code","KR",""
"Commodity Terms of Trade","PCTOT","Korea, Republic of","542","","","","Country SDMX Name","Korea, Republic of",""
"Commodity Terms of Trade","PCTOT","Kuwait","443","","","","Country Code","443",""
"Commodity Terms of Trade","PCTOT","Kuwait","443","","","","Country Name","Kuwait",""
"Commodity Terms of Trade","PCTOT","Kuwait","443","","","","Country SDMX Code","KW",""
"Commodity Terms of Trade","PCTOT","Kuwait","443","","","","Country SDMX Name","Kuwait",""
"Commodity Terms of Trade","PCTOT","Kyrgyz Republic","917","","","","Country Code","917",""
"Commodity Terms of Trade","PCTOT","Kyrgyz Republic","917","","","","Country Name","Kyrgyz Republic",""
"Commodity Terms of Trade","PCTOT","Kyrgyz Republic","917","","","","Country SDMX Code","KG",""
"Commodity Terms of Trade","PCTOT","Kyrgyz Republic","917","","","","Country SDMX Name","Kyrgyzstan",""
"Commodity Terms of Trade","PCTOT","Lao People's Democratic Republic","544","","","","Country Code","544",""
"Commodity Terms of Trade","PCTOT","Lao People's Democratic Republic","544","","","","Country Name","Lao People's Democratic Republic",""
"Commodity Terms of Trade","PCTOT","Lao People's Democratic Republic","544","","","","Country SDMX Code","LA",""
"Commodity Terms of Trade","PCTOT","Lao People's Democratic Republic","544","","","","Country SDMX Name","Lao People`s Democratic Republic",""
"Commodity Terms of Trade","PCTOT","Latvia","941","","","","Country Code","941",""
"Commodity Terms of Trade","PCTOT","Latvia","941","","","","Country Name","Latvia",""
"Commodity Terms of Trade","PCTOT","Latvia","941","","","","Country SDMX Code","LV",""
"Commodity Terms of Trade","PCTOT","Latvia","941","","","","Country SDMX Name","Latvia",""
"Commodity Terms of Trade","PCTOT","Lebanon","446","","","","Country Code","446",""
"Commodity Terms of Trade","PCTOT","Lebanon","446","","","","Country Name","Lebanon",""
"Commodity Terms of Trade","PCTOT","Lebanon","446","","","","Country SDMX Code","LB",""
"Commodity Terms of Trade","PCTOT","Lebanon","446","","","","Country SDMX Name","Lebanon",""
"Commodity Terms of Trade","PCTOT","Lesotho","666","","","","Country Code","666",""
"Commodity Terms of Trade","PCTOT","Lesotho","666","","","","Country Name","Lesotho",""
"Commodity Terms of Trade","PCTOT","Lesotho","666","","","","Country SDMX Code","LS",""
"Commodity Terms of Trade","PCTOT","Lesotho","666","","","","Country SDMX Name","Lesotho",""
"Commodity Terms of Trade","PCTOT","Liberia","668","","","","Country Code","668",""
"Commodity Terms of Trade","PCTOT","Liberia","668","","","","Country Name","Liberia",""
"Commodity Terms of Trade","PCTOT","Liberia","668","","","","Country SDMX Code","LR",""
"Commodity Terms of Trade","PCTOT","Liberia","668","","","","Country SDMX Name","Liberia",""
"Commodity Terms of Trade","PCTOT","Libya","672","","","","Country Code","672",""
"Commodity Terms of Trade","PCTOT","Libya","672","","","","Country Name","Libya",""
"Commodity Terms of Trade","PCTOT","Libya","672","","","","Country SDMX Code","LY",""
"Commodity Terms of Trade","PCTOT","Libya","672","","","","Country SDMX Name","Libya",""
"Commodity Terms of Trade","PCTOT","Lithuania","946","","","","Country Code","946",""
"Commodity Terms of Trade","PCTOT","Lithuania","946","","","","Country Name","Lithuania",""
"Commodity Terms of Trade","PCTOT","Lithuania","946","","","","Country SDMX Code","LT",""
"Commodity Terms of Trade","PCTOT","Lithuania","946","","","","Country SDMX Name","Lithuania",""
"Commodity Terms of Trade","PCTOT","Luxembourg","137","","","","Country Code","137",""
"Commodity Terms of Trade","PCTOT","Luxembourg","137","","","","Country Name","Luxembourg",""
"Commodity Terms of Trade","PCTOT","Luxembourg","137","","","","Country SDMX Code","LU",""
"Commodity Terms of Trade","PCTOT","Luxembourg","137","","","","Country SDMX Name","Luxembourg",""
"Commodity Terms of Trade","PCTOT","Madagascar","674","","","","Country Code","674",""
"Commodity Terms of Trade","PCTOT","Madagascar","674","","","","Country Name","Madagascar",""
"Commodity Terms of Trade","PCTOT","Madagascar","674","","","","Country SDMX Code","MG",""
"Commodity Terms of Trade","PCTOT","Madagascar","674","","","","Country SDMX Name","Madagascar",""
"Commodity Terms of Trade","PCTOT","Malawi","676","","","","Country Code","676",""
"Commodity Terms of Trade","PCTOT","Malawi","676","","","","Country Name","Malawi",""
"Commodity Terms of Trade","PCTOT","Malawi","676","","","","Country SDMX Code","MW",""
"Commodity Terms of Trade","PCTOT","Malawi","676","","","","Country SDMX Name","Malawi",""
"Commodity Terms of Trade","PCTOT","Malaysia","548","","","","Country Code","548",""
"Commodity Terms of Trade","PCTOT","Malaysia","548","","","","Country Name","Malaysia",""
"Commodity Terms of Trade","PCTOT","Malaysia","548","","","","Country SDMX Code","MY",""
"Commodity Terms of Trade","PCTOT","Malaysia","548","","","","Country SDMX Name","Malaysia",""
"Commodity Terms of Trade","PCTOT","Maldives","556","","","","Country Code","556",""
"Commodity Terms of Trade","PCTOT","Maldives","556","","","","Country Name","Maldives",""
"Commodity Terms of Trade","PCTOT","Maldives","556","","","","Country SDMX Code","MV",""
"Commodity Terms of Trade","PCTOT","Maldives","556","","","","Country SDMX Name","Maldives",""
"Commodity Terms of Trade","PCTOT","Mali","678","","","","Country Code","678",""
"Commodity Terms of Trade","PCTOT","Mali","678","","","","Country Name","Mali",""
"Commodity Terms of Trade","PCTOT","Mali","678","","","","Country SDMX Code","ML",""
"Commodity Terms of Trade","PCTOT","Mali","678","","","","Country SDMX Name","Mali",""
"Commodity Terms of Trade","PCTOT","Malta","181","","","","Country Code","181",""
"Commodity Terms of Trade","PCTOT","Malta","181","","","","Country Name","Malta",""
"Commodity Terms of Trade","PCTOT","Malta","181","","","","Country SDMX Code","MT",""
"Commodity Terms of Trade","PCTOT","Malta","181","","","","Country SDMX Name","Malta",""
"Commodity Terms of Trade","PCTOT","Mauritania","682","","","","Country Code","682",""
"Commodity Terms of Trade","PCTOT","Mauritania","682","","","","Country Name","Mauritania",""
"Commodity Terms of Trade","PCTOT","Mauritania","682","","","","Country SDMX Code","MR",""
"Commodity Terms of Trade","PCTOT","Mauritania","682","","","","Country SDMX Name","Mauritania",""
"Commodity Terms of Trade","PCTOT","Mauritius","684","","","","Country Code","684",""
"Commodity Terms of Trade","PCTOT","Mauritius","684","","","","Country Name","Mauritius",""
"Commodity Terms of Trade","PCTOT","Mauritius","684","","","","Country SDMX Code","MU",""
"Commodity Terms of Trade","PCTOT","Mauritius","684","","","","Country SDMX Name","Mauritius",""
"Commodity Terms of Trade","PCTOT","Mexico","273","","","","Country Code","273",""
"Commodity Terms of Trade","PCTOT","Mexico","273","","","","Country Name","Mexico",""
"Commodity Terms of Trade","PCTOT","Mexico","273","","","","Country SDMX Code","MX",""
"Commodity Terms of Trade","PCTOT","Mexico","273","","","","Country SDMX Name","Mexico",""
"Commodity Terms of Trade","PCTOT","Moldova","921","","","","Country Code","921",""
"Commodity Terms of Trade","PCTOT","Moldova","921","","","","Country Name","Moldova",""
"Commodity Terms of Trade","PCTOT","Moldova","921","","","","Country SDMX Code","MD",""
"Commodity Terms of Trade","PCTOT","Moldova","921","","","","Country SDMX Name","Moldova, Republic of",""
"Commodity Terms of Trade","PCTOT","Mongolia","948","","","","Country Code","948",""
"Commodity Terms of Trade","PCTOT","Mongolia","948","","","","Country Name","Mongolia",""
"Commodity Terms of Trade","PCTOT","Mongolia","948","","","","Country SDMX Code","MN",""
"Commodity Terms of Trade","PCTOT","Mongolia","948","","","","Country SDMX Name","Mongolia",""
"Commodity Terms of Trade","PCTOT","Montenegro ","943","","","","Country Code","943",""
"Commodity Terms of Trade","PCTOT","Montenegro ","943","","","","Country Name","Montenegro ",""
"Commodity Terms of Trade","PCTOT","Montenegro ","943","","","","Country SDMX Code","ME",""
"Commodity Terms of Trade","PCTOT","Montenegro ","943","","","","Country SDMX Name","Montenegro",""
"Commodity Terms of Trade","PCTOT","Morocco","686","","","","Country Code","686",""
"Commodity Terms of Trade","PCTOT","Morocco","686","","","","Country Name","Morocco",""
"Commodity Terms of Trade","PCTOT","Morocco","686","","","","Country SDMX Code","MA",""
"Commodity Terms of Trade","PCTOT","Morocco","686","","","","Country SDMX Name","Morocco",""
"Commodity Terms of Trade","PCTOT","Mozambique","688","","","","Country Code","688",""
"Commodity Terms of Trade","PCTOT","Mozambique","688","","","","Country Name","Mozambique",""
"Commodity Terms of Trade","PCTOT","Mozambique","688","","","","Country SDMX Code","MZ",""
"Commodity Terms of Trade","PCTOT","Mozambique","688","","","","Country SDMX Name","Mozambique",""
"Commodity Terms of Trade","PCTOT","Myanmar","518","","","","Country Code","518",""
"Commodity Terms of Trade","PCTOT","Myanmar","518","","","","Country Name","Myanmar",""
"Commodity Terms of Trade","PCTOT","Myanmar","518","","","","Country SDMX Code","MM",""
"Commodity Terms of Trade","PCTOT","Myanmar","518","","","","Country SDMX Name","Myanmar",""
"Commodity Terms of Trade","PCTOT","Namibia","728","","","","Country Code","728",""
"Commodity Terms of Trade","PCTOT","Namibia","728","","","","Country Name","Namibia",""
"Commodity Terms of Trade","PCTOT","Namibia","728","","","","Country SDMX Code","NA",""
"Commodity Terms of Trade","PCTOT","Namibia","728","","","","Country SDMX Name","Namibia",""
"Commodity Terms of Trade","PCTOT","Nepal","558","","","","Country Code","558",""
"Commodity Terms of Trade","PCTOT","Nepal","558","","","","Country Name","Nepal",""
"Commodity Terms of Trade","PCTOT","Nepal","558","","","","Country SDMX Code","NP",""
"Commodity Terms of Trade","PCTOT","Nepal","558","","","","Country SDMX Name","Nepal",""
"Commodity Terms of Trade","PCTOT","Netherlands","138","","","","Country Code","138",""
"Commodity Terms of Trade","PCTOT","Netherlands","138","","","","Country Name","Netherlands",""
"Commodity Terms of Trade","PCTOT","Netherlands","138","","","","Country SDMX Code","NL",""
"Commodity Terms of Trade","PCTOT","Netherlands","138","","","","Country SDMX Name","Netherlands",""
"Commodity Terms of Trade","PCTOT","New Zealand","196","","","","Country Code","196",""
"Commodity Terms of Trade","PCTOT","New Zealand","196","","","","Country Name","New Zealand",""
"Commodity Terms of Trade","PCTOT","New Zealand","196","","","","Country SDMX Code","NZ",""
"Commodity Terms of Trade","PCTOT","New Zealand","196","","","","Country SDMX Name","New Zealand",""
"Commodity Terms of Trade","PCTOT","Nicaragua","278","","","","Country Code","278",""
"Commodity Terms of Trade","PCTOT","Nicaragua","278","","","","Country Name","Nicaragua",""
"Commodity Terms of Trade","PCTOT","Nicaragua","278","","","","Country SDMX Code","NI",""
"Commodity Terms of Trade","PCTOT","Nicaragua","278","","","","Country SDMX Name","Nicaragua",""
"Commodity Terms of Trade","PCTOT","Niger","692","","","","Country Code","692",""
"Commodity Terms of Trade","PCTOT","Niger","692","","","","Country Name","Niger",""
"Commodity Terms of Trade","PCTOT","Niger","692","","","","Country SDMX Code","NE",""
"Commodity Terms of Trade","PCTOT","Niger","692","","","","Country SDMX Name","Niger",""
"Commodity Terms of Trade","PCTOT","Nigeria","694","","","","Country Code","694",""
"Commodity Terms of Trade","PCTOT","Nigeria","694","","","","Country Name","Nigeria",""
"Commodity Terms of Trade","PCTOT","Nigeria","694","","","","Country SDMX Code","NG",""
"Commodity Terms of Trade","PCTOT","Nigeria","694","","","","Country SDMX Name","Nigeria",""
"Commodity Terms of Trade","PCTOT","North Macedonia, Republic of","962","","","","Country Code","962",""
"Commodity Terms of Trade","PCTOT","North Macedonia, Republic of","962","","","","Country Name","North Macedonia, Republic of",""
"Commodity Terms of Trade","PCTOT","North Macedonia, Republic of","962","","","","Country SDMX Code","MK",""
"Commodity Terms of Trade","PCTOT","North Macedonia, Republic of","962","","","","Country SDMX Name","North Macedonia, Republic of",""
"Commodity Terms of Trade","PCTOT","Norway","142","","","","Country Code","142",""
"Commodity Terms of Trade","PCTOT","Norway","142","","","","Country Name","Norway",""
"Commodity Terms of Trade","PCTOT","Norway","142","","","","Country SDMX Code","NO",""
"Commodity Terms of Trade","PCTOT","Norway","142","","","","Country SDMX Name","Norway",""
"Commodity Terms of Trade","PCTOT","Oman","449","","","","Country Code","449",""
"Commodity Terms of Trade","PCTOT","Oman","449","","","","Country Name","Oman",""
"Commodity Terms of Trade","PCTOT","Oman","449","","","","Country SDMX Code","OM",""
"Commodity Terms of Trade","PCTOT","Oman","449","","","","Country SDMX Name","Oman",""
"Commodity Terms of Trade","PCTOT","Pakistan","564","","","","Country Code","564",""
"Commodity Terms of Trade","PCTOT","Pakistan","564","","","","Country Name","Pakistan",""
"Commodity Terms of Trade","PCTOT","Pakistan","564","","","","Country SDMX Code","PK",""
"Commodity Terms of Trade","PCTOT","Pakistan","564","","","","Country SDMX Name","Pakistan",""
"Commodity Terms of Trade","PCTOT","Panama","283","","","","Country Code","283",""
"Commodity Terms of Trade","PCTOT","Panama","283","","","","Country Name","Panama",""
"Commodity Terms of Trade","PCTOT","Panama","283","","","","Country SDMX Code","PA",""
"Commodity Terms of Trade","PCTOT","Panama","283","","","","Country SDMX Name","Panama",""
"Commodity Terms of Trade","PCTOT","Papua New Guinea","853","","","","Country Code","853",""
"Commodity Terms of Trade","PCTOT","Papua New Guinea","853","","","","Country Name","Papua New Guinea",""
"Commodity Terms of Trade","PCTOT","Papua New Guinea","853","","","","Country SDMX Code","PG",""
"Commodity Terms of Trade","PCTOT","Papua New Guinea","853","","","","Country SDMX Name","Papua New Guinea",""
"Commodity Terms of Trade","PCTOT","Paraguay","288","","","","Country Code","288",""
"Commodity Terms of Trade","PCTOT","Paraguay","288","","","","Country Name","Paraguay",""
"Commodity Terms of Trade","PCTOT","Paraguay","288","","","","Country SDMX Code","PY",""
"Commodity Terms of Trade","PCTOT","Paraguay","288","","","","Country SDMX Name","Paraguay",""
"Commodity Terms of Trade","PCTOT","Peru","293","","","","Country Code","293",""
"Commodity Terms of Trade","PCTOT","Peru","293","","","","Country Name","Peru",""
"Commodity Terms of Trade","PCTOT","Peru","293","","","","Country SDMX Code","PE",""
"Commodity Terms of Trade","PCTOT","Peru","293","","","","Country SDMX Name","Peru",""
"Commodity Terms of Trade","PCTOT","Philippines","566","","","","Country Code","566",""
"Commodity Terms of Trade","PCTOT","Philippines","566","","","","Country Name","Philippines",""
"Commodity Terms of Trade","PCTOT","Philippines","566","","","","Country SDMX Code","PH",""
"Commodity Terms of Trade","PCTOT","Philippines","566","","","","Country SDMX Name","Philippines",""
"Commodity Terms of Trade","PCTOT","Poland","964","","","","Country Code","964",""
"Commodity Terms of Trade","PCTOT","Poland","964","","","","Country Name","Poland",""
"Commodity Terms of Trade","PCTOT","Poland","964","","","","Country SDMX Code","PL",""
"Commodity Terms of Trade","PCTOT","Poland","964","","","","Country SDMX Name","Poland",""
"Commodity Terms of Trade","PCTOT","Portugal","182","","","","Country Code","182",""
"Commodity Terms of Trade","PCTOT","Portugal","182","","","","Country Name","Portugal",""
"Commodity Terms of Trade","PCTOT","Portugal","182","","","","Country SDMX Code","PT",""
"Commodity Terms of Trade","PCTOT","Portugal","182","","","","Country SDMX Name","Portugal",""
"Commodity Terms of Trade","PCTOT","Qatar","453","","","","Country Code","453",""
"Commodity Terms of Trade","PCTOT","Qatar","453","","","","Country Name","Qatar",""
"Commodity Terms of Trade","PCTOT","Qatar","453","","","","Country SDMX Code","QA",""
"Commodity Terms of Trade","PCTOT","Qatar","453","","","","Country SDMX Name","Qatar",""
"Commodity Terms of Trade","PCTOT","Romania","968","","","","Country Code","968",""
"Commodity Terms of Trade","PCTOT","Romania","968","","","","Country Name","Romania",""
"Commodity Terms of Trade","PCTOT","Romania","968","","","","Country SDMX Code","RO",""
"Commodity Terms of Trade","PCTOT","Romania","968","","","","Country SDMX Name","Romania",""
"Commodity Terms of Trade","PCTOT","Russian Federation","922","","","","Country Code","922",""
"Commodity Terms of Trade","PCTOT","Russian Federation","922","","","","Country Name","Russian Federation",""
"Commodity Terms of Trade","PCTOT","Russian Federation","922","","","","Country SDMX Code","RU",""
"Commodity Terms of Trade","PCTOT","Russian Federation","922","","","","Country SDMX Name","Russian Federation",""
"Commodity Terms of Trade","PCTOT","Rwanda","714","","","","Country Code","714",""
"Commodity Terms of Trade","PCTOT","Rwanda","714","","","","Country Name","Rwanda",""
"Commodity Terms of Trade","PCTOT","Rwanda","714","","","","Country SDMX Code","RW",""
"Commodity Terms of Trade","PCTOT","Rwanda","714","","","","Country SDMX Name","Rwanda",""
"Commodity Terms of Trade","PCTOT","Samoa","862","","","","Country Code","862",""
"Commodity Terms of Trade","PCTOT","Samoa","862","","","","Country Name","Samoa",""
"Commodity Terms of Trade","PCTOT","Samoa","862","","","","Country SDMX Code","WS",""
"Commodity Terms of Trade","PCTOT","Samoa","862","","","","Country SDMX Name","Samoa",""
"Commodity Terms of Trade","PCTOT","São Tomé and Príncipe","716","","","","Country Code","716",""
"Commodity Terms of Trade","PCTOT","São Tomé and Príncipe","716","","","","Country Name","São Tomé and Príncipe",""
"Commodity Terms of Trade","PCTOT","São Tomé and Príncipe","716","","","","Country SDMX Code","ST",""
"Commodity Terms of Trade","PCTOT","São Tomé and Príncipe","716","","","","Country SDMX Name","Sao Tome and Principe",""
"Commodity Terms of Trade","PCTOT","Saudi Arabia","456","","","","Country Code","456",""
"Commodity Terms of Trade","PCTOT","Saudi Arabia","456","","","","Country Name","Saudi Arabia",""
"Commodity Terms of Trade","PCTOT","Saudi Arabia","456","","","","Country SDMX Code","SA",""
"Commodity Terms of Trade","PCTOT","Saudi Arabia","456","","","","Country SDMX Name","Saudi Arabia",""
"Commodity Terms of Trade","PCTOT","Senegal","722","","","","Country Code","722",""
"Commodity Terms of Trade","PCTOT","Senegal","722","","","","Country Name","Senegal",""
"Commodity Terms of Trade","PCTOT","Senegal","722","","","","Country SDMX Code","SN",""
"Commodity Terms of Trade","PCTOT","Senegal","722","","","","Country SDMX Name","Senegal",""
"Commodity Terms of Trade","PCTOT","Serbia, Republic of","942","","","","Country Code","942",""
"Commodity Terms of Trade","PCTOT","Serbia, Republic of","942","","","","Country Name","Serbia, Republic of",""
"Commodity Terms of Trade","PCTOT","Serbia, Republic of","942","","","","Country SDMX Code","RS",""
"Commodity Terms of Trade","PCTOT","Serbia, Republic of","942","","","","Country SDMX Name","Serbia",""
"Commodity Terms of Trade","PCTOT","Seychelles","718","","","","Country Code","718",""
"Commodity Terms of Trade","PCTOT","Seychelles","718","","","","Country Name","Seychelles",""
"Commodity Terms of Trade","PCTOT","Seychelles","718","","","","Country SDMX Code","SC",""
"Commodity Terms of Trade","PCTOT","Seychelles","718","","","","Country SDMX Name","Seychelles",""
"Commodity Terms of Trade","PCTOT","Sierra Leone","724","","","","Country Code","724",""
"Commodity Terms of Trade","PCTOT","Sierra Leone","724","","","","Country Name","Sierra Leone",""
"Commodity Terms of Trade","PCTOT","Sierra Leone","724","","","","Country SDMX Code","SL",""
"Commodity Terms of Trade","PCTOT","Sierra Leone","724","","","","Country SDMX Name","Sierra Leone",""
"Commodity Terms of Trade","PCTOT","Singapore","576","","","","Country Code","576",""
"Commodity Terms of Trade","PCTOT","Singapore","576","","","","Country Name","Singapore",""
"Commodity Terms of Trade","PCTOT","Singapore","576","","","","Country SDMX Code","SG",""
"Commodity Terms of Trade","PCTOT","Singapore","576","","","","Country SDMX Name","Singapore",""
"Commodity Terms of Trade","PCTOT","Slovak Republic","936","","","","Country Code","936",""
"Commodity Terms of Trade","PCTOT","Slovak Republic","936","","","","Country Name","Slovak Republic",""
"Commodity Terms of Trade","PCTOT","Slovak Republic","936","","","","Country SDMX Code","SK",""
"Commodity Terms of Trade","PCTOT","Slovak Republic","936","","","","Country SDMX Name","Slovakia",""
"Commodity Terms of Trade","PCTOT","Slovenia","961","","","","Country Code","961",""
"Commodity Terms of Trade","PCTOT","Slovenia","961","","","","Country Name","Slovenia",""
"Commodity Terms of Trade","PCTOT","Slovenia","961","","","","Country SDMX Code","SI",""
"Commodity Terms of Trade","PCTOT","Slovenia","961","","","","Country SDMX Name","Slovenia",""
"Commodity Terms of Trade","PCTOT","Solomon Islands","813","","","","Country Code","813",""
"Commodity Terms of Trade","PCTOT","Solomon Islands","813","","","","Country Name","Solomon Islands",""
"Commodity Terms of Trade","PCTOT","Solomon Islands","813","","","","Country SDMX Code","SB",""
"Commodity Terms of Trade","PCTOT","Solomon Islands","813","","","","Country SDMX Name","Solomon Islands",""
"Commodity Terms of Trade","PCTOT","South Africa","199","","","","Country Code","199",""
"Commodity Terms of Trade","PCTOT","South Africa","199","","","","Country Name","South Africa",""
"Commodity Terms of Trade","PCTOT","South Africa","199","","","","Country SDMX Code","ZA",""
"Commodity Terms of Trade","PCTOT","South Africa","199","","","","Country SDMX Name","South Africa",""
"Commodity Terms of Trade","PCTOT","Spain","184","","","","Country Code","184",""
"Commodity Terms of Trade","PCTOT","Spain","184","","","","Country Name","Spain",""
"Commodity Terms of Trade","PCTOT","Spain","184","","","","Country SDMX Code","ES",""
"Commodity Terms of Trade","PCTOT","Spain","184","","","","Country SDMX Name","Spain",""
"Commodity Terms of Trade","PCTOT","Sri Lanka","524","","","","Country Code","524",""
"Commodity Terms of Trade","PCTOT","Sri Lanka","524","","","","Country Name","Sri Lanka",""
"Commodity Terms of Trade","PCTOT","Sri Lanka","524","","","","Country SDMX Code","LK",""
"Commodity Terms of Trade","PCTOT","Sri Lanka","524","","","","Country SDMX Name","Sri Lanka",""
"Commodity Terms of Trade","PCTOT","St. Kitts and Nevis","361","","","","Country Code","361",""
"Commodity Terms of Trade","PCTOT","St. Kitts and Nevis","361","","","","Country Name","St. Kitts and Nevis",""
"Commodity Terms of Trade","PCTOT","St. Kitts and Nevis","361","","","","Country SDMX Code","KN",""
"Commodity Terms of Trade","PCTOT","St. Kitts and Nevis","361","","","","Country SDMX Name","Saint Kitts and Nevis",""
"Commodity Terms of Trade","PCTOT","St. Lucia","362","","","","Country Code","362",""
"Commodity Terms of Trade","PCTOT","St. Lucia","362","","","","Country Name","St. Lucia",""
"Commodity Terms of Trade","PCTOT","St. Lucia","362","","","","Country SDMX Code","LC",""
"Commodity Terms of Trade","PCTOT","St. Lucia","362","","","","Country SDMX Name","Saint Lucia",""
"Commodity Terms of Trade","PCTOT","St. Vincent and the Grenadines","364","","","","Country Code","364",""
"Commodity Terms of Trade","PCTOT","St. Vincent and the Grenadines","364","","","","Country Name","St. Vincent and the Grenadines",""
"Commodity Terms of Trade","PCTOT","St. Vincent and the Grenadines","364","","","","Country SDMX Code","VC",""
"Commodity Terms of Trade","PCTOT","St. Vincent and the Grenadines","364","","","","Country SDMX Name","Saint Vincent and the Grenadines",""
"Commodity Terms of Trade","PCTOT","Sudan","732","","","","Country Code","732",""
"Commodity Terms of Trade","PCTOT","Sudan","732","","","","Country Name","Sudan",""
"Commodity Terms of Trade","PCTOT","Sudan","732","","","","Country SDMX Code","SD",""
"Commodity Terms of Trade","PCTOT","Sudan","732","","","","Country SDMX Name","Sudan",""
"Commodity Terms of Trade","PCTOT","Suriname","366","","","","Country Code","366",""
"Commodity Terms of Trade","PCTOT","Suriname","366","","","","Country Name","Suriname",""
"Commodity Terms of Trade","PCTOT","Suriname","366","","","","Country SDMX Code","SR",""
"Commodity Terms of Trade","PCTOT","Suriname","366","","","","Country SDMX Name","Suriname",""
"Commodity Terms of Trade","PCTOT","Sweden","144","","","","Country Code","144",""
"Commodity Terms of Trade","PCTOT","Sweden","144","","","","Country Name","Sweden",""
"Commodity Terms of Trade","PCTOT","Sweden","144","","","","Country SDMX Code","SE",""
"Commodity Terms of Trade","PCTOT","Sweden","144","","","","Country SDMX Name","Sweden",""
"Commodity Terms of Trade","PCTOT","Switzerland","146","","","","Country Code","146",""
"Commodity Terms of Trade","PCTOT","Switzerland","146","","","","Country Name","Switzerland",""
"Commodity Terms of Trade","PCTOT","Switzerland","146","","","","Country SDMX Code","CH",""
"Commodity Terms of Trade","PCTOT","Switzerland","146","","","","Country SDMX Name","Switzerland",""
"Commodity Terms of Trade","PCTOT","Syrian Arab Republic","463","","","","Country Code","463",""
"Commodity Terms of Trade","PCTOT","Syrian Arab Republic","463","","","","Country Name","Syrian Arab Republic",""
"Commodity Terms of Trade","PCTOT","Syrian Arab Republic","463","","","","Country SDMX Code","SY",""
"Commodity Terms of Trade","PCTOT","Syrian Arab Republic","463","","","","Country SDMX Name","Syrian Arab Republic",""
"Commodity Terms of Trade","PCTOT","Tajikistan","923","","","","Country Code","923",""
"Commodity Terms of Trade","PCTOT","Tajikistan","923","","","","Country Name","Tajikistan",""
"Commodity Terms of Trade","PCTOT","Tajikistan","923","","","","Country SDMX Code","TJ",""
"Commodity Terms of Trade","PCTOT","Tajikistan","923","","","","Country SDMX Name","Tajikistan",""
"Commodity Terms of Trade","PCTOT","Tanzania","738","","","","Country Code","738",""
"Commodity Terms of Trade","PCTOT","Tanzania","738","","","","Country Name","Tanzania",""
"Commodity Terms of Trade","PCTOT","Tanzania","738","","","","Country SDMX Code","TZ",""
"Commodity Terms of Trade","PCTOT","Tanzania","738","","","","Country SDMX Name","Tanzania, United Republic of",""
"Commodity Terms of Trade","PCTOT","Thailand","578","","","","Country Code","578",""
"Commodity Terms of Trade","PCTOT","Thailand","578","","","","Country Name","Thailand",""
"Commodity Terms of Trade","PCTOT","Thailand","578","","","","Country SDMX Code","TH",""
"Commodity Terms of Trade","PCTOT","Thailand","578","","","","Country SDMX Name","Thailand",""
"Commodity Terms of Trade","PCTOT","Timor-Leste, Dem. Rep. of","537","","","","Country Code","537",""
"Commodity Terms of Trade","PCTOT","Timor-Leste, Dem. Rep. of","537","","","","Country Name","Timor-Leste, Dem. Rep. of",""
"Commodity Terms of Trade","PCTOT","Timor-Leste, Dem. Rep. of","537","","","","Country SDMX Code","TL",""
"Commodity Terms of Trade","PCTOT","Timor-Leste, Dem. Rep. of","537","","","","Country SDMX Name","Timor-Leste",""
"Commodity Terms of Trade","PCTOT","Togo","742","","","","Country Code","742",""
"Commodity Terms of Trade","PCTOT","Togo","742","","","","Country Name","Togo",""
"Commodity Terms of Trade","PCTOT","Togo","742","","","","Country SDMX Code","TG",""
"Commodity Terms of Trade","PCTOT","Togo","742","","","","Country SDMX Name","Togo",""
"Commodity Terms of Trade","PCTOT","Tonga","866","","","","Country Code","866",""
"Commodity Terms of Trade","PCTOT","Tonga","866","","","","Country Name","Tonga",""
"Commodity Terms of Trade","PCTOT","Tonga","866","","","","Country SDMX Code","TO",""
"Commodity Terms of Trade","PCTOT","Tonga","866","","","","Country SDMX Name","Tonga",""
"Commodity Terms of Trade","PCTOT","Trinidad and Tobago","369","","","","Country Code","369",""
"Commodity Terms of Trade","PCTOT","Trinidad and Tobago","369","","","","Country Name","Trinidad and Tobago",""
"Commodity Terms of Trade","PCTOT","Trinidad and Tobago","369","","","","Country SDMX Code","TT",""
"Commodity Terms of Trade","PCTOT","Trinidad and Tobago","369","","","","Country SDMX Name","Trinidad and Tobago",""
"Commodity Terms of Trade","PCTOT","Tunisia","744","","","","Country Code","744",""
"Commodity Terms of Trade","PCTOT","Tunisia","744","","","","Country Name","Tunisia",""
"Commodity Terms of Trade","PCTOT","Tunisia","744","","","","Country SDMX Code","TN",""
"Commodity Terms of Trade","PCTOT","Tunisia","744","","","","Country SDMX Name","Tunisia",""
"Commodity Terms of Trade","PCTOT","Turkey","186","","","","Country Code","186",""
"Commodity Terms of Trade","PCTOT","Turkey","186","","","","Country Name","Turkey",""
"Commodity Terms of Trade","PCTOT","Turkey","186","","","","Country SDMX Code","TR",""
"Commodity Terms of Trade","PCTOT","Turkey","186","","","","Country SDMX Name","Turkey",""
"Commodity Terms of Trade","PCTOT","Turkmenistan","925","","","","Country Code","925",""
"Commodity Terms of Trade","PCTOT","Turkmenistan","925","","","","Country Name","Turkmenistan",""
"Commodity Terms of Trade","PCTOT","Turkmenistan","925","","","","Country SDMX Code","TM",""
"Commodity Terms of Trade","PCTOT","Turkmenistan","925","","","","Country SDMX Name","Turkmenistan",""
"Commodity Terms of Trade","PCTOT","Tuvalu","869","","","","Country Code","869",""
"Commodity Terms of Trade","PCTOT","Tuvalu","869","","","","Country Name","Tuvalu",""
"Commodity Terms of Trade","PCTOT","Tuvalu","869","","","","Country SDMX Code","TV",""
"Commodity Terms of Trade","PCTOT","Tuvalu","869","","","","Country SDMX Name","Tuvalu",""
"Commodity Terms of Trade","PCTOT","Uganda","746","","","","Country Code","746",""
"Commodity Terms of Trade","PCTOT","Uganda","746","","","","Country Name","Uganda",""
"Commodity Terms of Trade","PCTOT","Uganda","746","","","","Country SDMX Code","UG",""
"Commodity Terms of Trade","PCTOT","Uganda","746","","","","Country SDMX Name","Uganda",""
"Commodity Terms of Trade","PCTOT","Ukraine","926","","","","Country Code","926",""
"Commodity Terms of Trade","PCTOT","Ukraine","926","","","","Country Name","Ukraine",""
"Commodity Terms of Trade","PCTOT","Ukraine","926","","","","Country SDMX Code","UA",""
"Commodity Terms of Trade","PCTOT","Ukraine","926","","","","Country SDMX Name","Ukraine",""
"Commodity Terms of Trade","PCTOT","United Arab Emirates","466","","","","Country Code","466",""
"Commodity Terms of Trade","PCTOT","United Arab Emirates","466","","","","Country Name","United Arab Emirates",""
"Commodity Terms of Trade","PCTOT","United Arab Emirates","466","","","","Country SDMX Code","AE",""
"Commodity Terms of Trade","PCTOT","United Arab Emirates","466","","","","Country SDMX Name","United Arab Emirates",""
"Commodity Terms of Trade","PCTOT","United Kingdom","112","","","","Country Code","112",""
"Commodity Terms of Trade","PCTOT","United Kingdom","112","","","","Country Name","United Kingdom",""
"Commodity Terms of Trade","PCTOT","United Kingdom","112","","","","Country SDMX Code","GB",""
"Commodity Terms of Trade","PCTOT","United Kingdom","112","","","","Country SDMX Name","United Kingdom",""
"Commodity Terms of Trade","PCTOT","United States","111","","","","Country Code","111",""
"Commodity Terms of Trade","PCTOT","United States","111","","","","Country Name","United States",""
"Commodity Terms of Trade","PCTOT","United States","111","","","","Country SDMX Code","US",""
"Commodity Terms of Trade","PCTOT","United States","111","","","","Country SDMX Name","United States",""
"Commodity Terms of Trade","PCTOT","Uruguay","298","","","","Country Code","298",""
"Commodity Terms of Trade","PCTOT","Uruguay","298","","","","Country Name","Uruguay",""
"Commodity Terms of Trade","PCTOT","Uruguay","298","","","","Country SDMX Code","UY",""
"Commodity Terms of Trade","PCTOT","Uruguay","298","","","","Country SDMX Name","Uruguay",""
"Commodity Terms of Trade","PCTOT","Uzbekistan","927","","","","Country Code","927",""
"Commodity Terms of Trade","PCTOT","Uzbekistan","927","","","","Country Name","Uzbekistan",""
"Commodity Terms of Trade","PCTOT","Uzbekistan","927","","","","Country SDMX Code","UZ",""
"Commodity Terms of Trade","PCTOT","Uzbekistan","927","","","","Country SDMX Name","Uzbekistan",""
"Commodity Terms of Trade","PCTOT","Vanuatu","846","","","","Country Code","846",""
"Commodity Terms of Trade","PCTOT","Vanuatu","846","","","","Country Name","Vanuatu",""
"Commodity Terms of Trade","PCTOT","Vanuatu","846","","","","Country SDMX Code","VU",""
"Commodity Terms of Trade","PCTOT","Vanuatu","846","","","","Country SDMX Name","Vanuatu",""
"Commodity Terms of Trade","PCTOT","Venezuela, República Bolivariana de","299","","","","Country Code","299",""
"Commodity Terms of Trade","PCTOT","Venezuela, República Bolivariana de","299","","","","Country Name","Venezuela, República Bolivariana de",""
"Commodity Terms of Trade","PCTOT","Venezuela, República Bolivariana de","299","","","","Country SDMX Code","VE",""
"Commodity Terms of Trade","PCTOT","Venezuela, República Bolivariana de","299","","","","Country SDMX Name","Venezuela, Bolivarian Republic",""
"Commodity Terms of Trade","PCTOT","Vietnam","582","","","","Country Code","582",""
"Commodity Terms of Trade","PCTOT","Vietnam","582","","","","Country Name","Vietnam",""
"Commodity Terms of Trade","PCTOT","Vietnam","582","","","","Country SDMX Code","VN",""
"Commodity Terms of Trade","PCTOT","Vietnam","582","","","","Country SDMX Name","Viet Nam",""
"Commodity Terms of Trade","PCTOT","Yemen, Republic of","474","","","","Country Code","474",""
"Commodity Terms of Trade","PCTOT","Yemen, Republic of","474","","","","Country Name","Yemen, Republic of",""
"Commodity Terms of Trade","PCTOT","Yemen, Republic of","474","","","","Country SDMX Code","YE",""
"Commodity Terms of Trade","PCTOT","Yemen, Republic of","474","","","","Country SDMX Name","Yemen",""
"Commodity Terms of Trade","PCTOT","Zambia","754","","","","Country Code","754",""
"Commodity Terms of Trade","PCTOT","Zambia","754","","","","Country Name","Zambia",""
"Commodity Terms of Trade","PCTOT","Zambia","754","","","","Country SDMX Code","ZM",""
"Commodity Terms of Trade","PCTOT","Zambia","754","","","","Country SDMX Name","Zambia",""
"Commodity Terms of Trade","PCTOT","Zimbabwe","698","","","","Country Code","698",""
"Commodity Terms of Trade","PCTOT","Zimbabwe","698","","","","Country Name","Zimbabwe",""
"Commodity Terms of Trade","PCTOT","Zimbabwe","698","","","","Country SDMX Code","ZW",""
"Commodity Terms of Trade","PCTOT","Zimbabwe","698","","","","Country SDMX Name","Zimbabwe",""
"Commodity Terms of Trade","PCTOT","","","Commodity Net Export Price Index, Individual Commodities Weighted by Ratio of Net Exports to Total Commodity Trade","xm","","Indicator Code","xm",""
"Commodity Terms of Trade","PCTOT","","","Commodity Net Export Price Index, Individual Commodities Weighted by Ratio of Net Exports to Total Commodity Trade","xm","","Indicator CTS Code","",""
"Commodity Terms of Trade","PCTOT","","","Commodity Net Export Price Index, Individual Commodities Weighted by Ratio of Net Exports to Total Commodity Trade","xm","","Indicator Name","Commodity Net Export Price Index, Individual Commodities Weighted by Ratio of Net Exports to Total Commodity Trade",""
"Commodity Terms of Trade","PCTOT","","","Commodity Net Export Price Index, Individual Commodities Weighted by Ratio of Net Exports to Total Commodity Trade","xm","","Indicator SDMX Code","xm",""
"Commodity Terms of Trade","PCTOT","","","Commodity Net Export Price Index, Individual Commodities Weighted by Ratio of Net Exports to Total Commodity Trade","xm","","Indicator SDMX Name","Commodity Net Export Price Index, Individual Commodities Weighted by Ratio of Net Exports to Total Commodity Trade",""
"Commodity Terms of Trade","PCTOT","","","Commodity Net Export Price Index, Individual Commodities Weighted by Ratio of Net Exports to Total Commodity Trade","xm","","Indicator Source Code","",""
"Commodity Terms of Trade","PCTOT","","","","","Recent, Rolling weights, Index","Type Code","R_RW_IX",""
"Commodity Terms of Trade","PCTOT","","","","","Recent, Rolling weights, Index","Type Coverage Period","Monthly Data (1980 - Present)",""
"Commodity Terms of Trade","PCTOT","","","","","Recent, Rolling weights, Index","Type CTS Code","",""
"Commodity Terms of Trade","PCTOT","","","","","Recent, Rolling weights, Index","Type Full Name","Recent, Monthly (1980 - present), Rolling weights, Index (June 2012 = 100)",""
"Commodity Terms of Trade","PCTOT","","","","","Recent, Rolling weights, Index","Type Name","Recent, Rolling weights, Index",""
"Commodity Terms of Trade","PCTOT","","","","","Recent, Rolling weights, Index","Type Reference Period","(June 2012 = 100)",""
"Commodity Terms of Trade","PCTOT","","","","","Recent, Rolling weights, Index","Type SDMX Code","R_RW_IX",""
"Commodity Terms of Trade","PCTOT","","","","","Recent, Rolling weights, Index","Type SDMX Name","Recent, monthly, rolling weights",""
"Commodity Terms of Trade","PCTOT","","","","","Recent, Rolling weights, Index","Type Source Code","",""
